{"v":"4.12.0","fr":29.9700012207031,"ip":0,"op":90.0000036657751,"w":400,"h":400,"nm":"coeurexplode","ddd":0,"assets":[{"id":"comp_18","layers":[{"ddd":0,"ind":1,"ty":0,"nm":"ronddiminue","refId":"comp_19","sr":1,"ks":{"o":{"a":0,"k":100,"ix":11},"r":{"a":0,"k":0,"ix":10},"p":{"a":0,"k":[216.014,199.816,0],"ix":2},"a":{"a":0,"k":[100,100,0],"ix":1},"s":{"a":0,"k":[16.375,17.625,100],"ix":6}},"ao":0,"w":200,"h":200,"ip":0,"op":150.000006109625,"st":0,"bm":0},{"ddd":0,"ind":2,"ty":0,"nm":"ronddiminue","refId":"comp_19","sr":1,"ks":{"o":{"a":0,"k":100,"ix":11},"r":{"a":0,"k":0,"ix":10},"p":{"a":0,"k":[209.014,190.816,0],"ix":2},"a":{"a":0,"k":[100,100,0],"ix":1},"s":{"a":0,"k":[10.875,10.625,100],"ix":6}},"ao":0,"w":200,"h":200,"ip":0,"op":150.000006109625,"st":0,"bm":0},{"ddd":0,"ind":3,"ty":0,"nm":"ronddiminue","refId":"comp_19","sr":1,"ks":{"o":{"a":0,"k":100,"ix":11},"r":{"a":0,"k":0,"ix":10},"p":{"a":0,"k":[188.014,205.816,0],"ix":2},"a":{"a":0,"k":[100,100,0],"ix":1},"s":{"a":0,"k":[10.875,10.625,100],"ix":6}},"ao":0,"w":200,"h":200,"ip":0,"op":150.000006109625,"st":0,"bm":0},{"ddd":0,"ind":4,"ty":0,"nm":"ronddiminue","refId":"comp_19","sr":1,"ks":{"o":{"a":0,"k":100,"ix":11},"r":{"a":0,"k":0,"ix":10},"p":{"a":0,"k":[178.014,176.066,0],"ix":2},"a":{"a":0,"k":[100,100,0],"ix":1},"s":{"a":0,"k":[10.875,10.625,100],"ix":6}},"ao":0,"w":200,"h":200,"ip":0,"op":150.000006109625,"st":0,"bm":0},{"ddd":0,"ind":5,"ty":0,"nm":"ronddiminue","refId":"comp_19","sr":1,"ks":{"o":{"a":0,"k":100,"ix":11},"r":{"a":0,"k":0,"ix":10},"p":{"a":0,"k":[181.764,190.566,0],"ix":2},"a":{"a":0,"k":[100,100,0],"ix":1},"s":{"a":0,"k":[15.875,14.125,100],"ix":6}},"ao":0,"w":200,"h":200,"ip":0,"op":150.000006109625,"st":0,"bm":0},{"ddd":0,"ind":6,"ty":0,"nm":"ronddiminue","refId":"comp_19","sr":1,"ks":{"o":{"a":0,"k":100,"ix":11},"r":{"a":0,"k":0,"ix":10},"p":{"a":0,"k":[222.014,197.066,0],"ix":2},"a":{"a":0,"k":[100,100,0],"ix":1},"s":{"a":0,"k":[10.875,10.625,100],"ix":6}},"ao":0,"w":200,"h":200,"ip":0,"op":150.000006109625,"st":0,"bm":0},{"ddd":0,"ind":7,"ty":0,"nm":"ronddiminue","refId":"comp_19","sr":1,"ks":{"o":{"a":0,"k":100,"ix":11},"r":{"a":0,"k":0,"ix":10},"p":{"a":0,"k":[207.264,201.566,0],"ix":2},"a":{"a":0,"k":[100,100,0],"ix":1},"s":{"a":0,"k":[10.875,10.625,100],"ix":6}},"ao":0,"w":200,"h":200,"ip":0,"op":150.000006109625,"st":0,"bm":0},{"ddd":0,"ind":8,"ty":0,"nm":"ronddiminue","refId":"comp_19","sr":1,"ks":{"o":{"a":0,"k":100,"ix":11},"r":{"a":0,"k":0,"ix":10},"p":{"a":0,"k":[203.764,184.566,0],"ix":2},"a":{"a":0,"k":[100,100,0],"ix":1},"s":{"a":0,"k":[10.875,10.625,100],"ix":6}},"ao":0,"w":200,"h":200,"ip":0,"op":150.000006109625,"st":0,"bm":0},{"ddd":0,"ind":9,"ty":0,"nm":"ronddiminue","refId":"comp_19","sr":1,"ks":{"o":{"a":0,"k":100,"ix":11},"r":{"a":0,"k":0,"ix":10},"p":{"a":0,"k":[190.014,184.066,0],"ix":2},"a":{"a":0,"k":[100,100,0],"ix":1},"s":{"a":0,"k":[10.875,10.625,100],"ix":6}},"ao":0,"w":200,"h":200,"ip":0,"op":150.000006109625,"st":0,"bm":0},{"ddd":0,"ind":10,"ty":0,"nm":"ronddiminue","refId":"comp_19","sr":1,"ks":{"o":{"a":0,"k":100,"ix":11},"r":{"a":0,"k":0,"ix":10},"p":{"a":0,"k":[192.389,200.566,0],"ix":2},"a":{"a":0,"k":[100,100,0],"ix":1},"s":{"a":0,"k":[10.875,10.625,100],"ix":6}},"ao":0,"w":200,"h":200,"ip":0,"op":150.000006109625,"st":0,"bm":0},{"ddd":0,"ind":11,"ty":0,"nm":"ronddiminue","refId":"comp_19","sr":1,"ks":{"o":{"a":0,"k":100,"ix":11},"r":{"a":0,"k":0,"ix":10},"p":{"a":0,"k":[211.389,195.316,0],"ix":2},"a":{"a":0,"k":[100,100,0],"ix":1},"s":{"a":0,"k":[10.875,10.625,100],"ix":6}},"ao":0,"w":200,"h":200,"ip":0,"op":150.000006109625,"st":0,"bm":0},{"ddd":0,"ind":12,"ty":0,"nm":"ronddiminue","refId":"comp_19","sr":1,"ks":{"o":{"a":0,"k":100,"ix":11},"r":{"a":0,"k":0,"ix":10},"p":{"a":0,"k":[182.639,184.066,0],"ix":2},"a":{"a":0,"k":[100,100,0],"ix":1},"s":{"a":0,"k":[10.875,10.625,100],"ix":6}},"ao":0,"w":200,"h":200,"ip":0,"op":150.000006109625,"st":0,"bm":0},{"ddd":0,"ind":13,"ty":0,"nm":"ronddiminue","refId":"comp_19","sr":1,"ks":{"o":{"a":0,"k":100,"ix":11},"r":{"a":0,"k":0,"ix":10},"p":{"a":0,"k":[182.639,184.066,0],"ix":2},"a":{"a":0,"k":[100,100,0],"ix":1},"s":{"a":0,"k":[10.875,10.625,100],"ix":6}},"ao":0,"w":200,"h":200,"ip":0,"op":150.000006109625,"st":0,"bm":0},{"ddd":0,"ind":14,"ty":0,"nm":"ronddiminue","refId":"comp_19","sr":1,"ks":{"o":{"a":0,"k":100,"ix":11},"r":{"a":0,"k":0,"ix":10},"p":{"a":0,"k":[195.764,184.691,0],"ix":2},"a":{"a":0,"k":[100,100,0],"ix":1},"s":{"a":0,"k":[10.875,10.625,100],"ix":6}},"ao":0,"w":200,"h":200,"ip":0,"op":150.000006109625,"st":0,"bm":0},{"ddd":0,"ind":15,"ty":0,"nm":"ronddiminue","refId":"comp_19","sr":1,"ks":{"o":{"a":0,"k":100,"ix":11},"r":{"a":0,"k":0,"ix":10},"p":{"a":0,"k":[201.639,206.066,0],"ix":2},"a":{"a":0,"k":[100,100,0],"ix":1},"s":{"a":0,"k":[10.875,10.625,100],"ix":6}},"ao":0,"w":200,"h":200,"ip":0,"op":150.000006109625,"st":0,"bm":0},{"ddd":0,"ind":16,"ty":0,"nm":"ronddiminue","refId":"comp_19","sr":1,"ks":{"o":{"a":0,"k":100,"ix":11},"r":{"a":0,"k":0,"ix":10},"p":{"a":0,"k":[189.514,191.566,0],"ix":2},"a":{"a":0,"k":[100,100,0],"ix":1},"s":{"a":0,"k":[10.875,10.625,100],"ix":6}},"ao":0,"w":200,"h":200,"ip":0,"op":150.000006109625,"st":0,"bm":0},{"ddd":0,"ind":17,"ty":0,"nm":"ronddiminue","refId":"comp_19","sr":1,"ks":{"o":{"a":0,"k":100,"ix":11},"r":{"a":0,"k":0,"ix":10},"p":{"a":0,"k":[211.889,186.25,0],"ix":2},"a":{"a":0,"k":[100,100,0],"ix":1},"s":{"a":0,"k":[10.875,10.625,100],"ix":6}},"ao":0,"w":200,"h":200,"ip":0,"op":150.000006109625,"st":0,"bm":0},{"ddd":0,"ind":18,"ty":0,"nm":"ronddiminue","refId":"comp_19","sr":1,"ks":{"o":{"a":0,"k":100,"ix":11},"r":{"a":0,"k":0,"ix":10},"p":{"a":0,"k":[212.889,173.25,0],"ix":2},"a":{"a":0,"k":[100,100,0],"ix":1},"s":{"a":0,"k":[10.875,10.625,100],"ix":6}},"ao":0,"w":200,"h":200,"ip":0,"op":150.000006109625,"st":0,"bm":0},{"ddd":0,"ind":19,"ty":0,"nm":"ronddiminue","refId":"comp_19","sr":1,"ks":{"o":{"a":0,"k":100,"ix":11},"r":{"a":0,"k":0,"ix":10},"p":{"a":0,"k":[199.139,175.25,0],"ix":2},"a":{"a":0,"k":[100,100,0],"ix":1},"s":{"a":0,"k":[10.875,10.625,100],"ix":6}},"ao":0,"w":200,"h":200,"ip":0,"op":150.000006109625,"st":0,"bm":0},{"ddd":0,"ind":20,"ty":0,"nm":"ronddiminue","refId":"comp_19","sr":1,"ks":{"o":{"a":0,"k":100,"ix":11},"r":{"a":0,"k":0,"ix":10},"p":{"a":0,"k":[195.139,174.941,0],"ix":2},"a":{"a":0,"k":[100,100,0],"ix":1},"s":{"a":0,"k":[10.875,10.625,100],"ix":6}},"ao":0,"w":200,"h":200,"ip":0,"op":150.000006109625,"st":0,"bm":0},{"ddd":0,"ind":21,"ty":0,"nm":"ronddiminue","refId":"comp_19","sr":1,"ks":{"o":{"a":0,"k":100,"ix":11},"r":{"a":0,"k":0,"ix":10},"p":{"a":0,"k":[190.014,173.441,0],"ix":2},"a":{"a":0,"k":[100,100,0],"ix":1},"s":{"a":0,"k":[10.875,10.625,100],"ix":6}},"ao":0,"w":200,"h":200,"ip":0,"op":150.000006109625,"st":0,"bm":0},{"ddd":0,"ind":22,"ty":0,"nm":"ronddiminue","refId":"comp_19","sr":1,"ks":{"o":{"a":0,"k":100,"ix":11},"r":{"a":0,"k":0,"ix":10},"p":{"a":0,"k":[196.264,180.941,0],"ix":2},"a":{"a":0,"k":[100,100,0],"ix":1},"s":{"a":0,"k":[10.875,10.625,100],"ix":6}},"ao":0,"w":200,"h":200,"ip":0,"op":150.000006109625,"st":0,"bm":0},{"ddd":0,"ind":23,"ty":0,"nm":"ronddiminue","refId":"comp_19","sr":1,"ks":{"o":{"a":0,"k":100,"ix":11},"r":{"a":0,"k":0,"ix":10},"p":{"a":0,"k":[227.264,179.941,0],"ix":2},"a":{"a":0,"k":[100,100,0],"ix":1},"s":{"a":0,"k":[10.875,10.625,100],"ix":6}},"ao":0,"w":200,"h":200,"ip":0,"op":150.000006109625,"st":0,"bm":0},{"ddd":0,"ind":24,"ty":0,"nm":"ronddiminue","refId":"comp_19","sr":1,"ks":{"o":{"a":0,"k":100,"ix":11},"r":{"a":0,"k":0,"ix":10},"p":{"a":0,"k":[221.889,203.066,0],"ix":2},"a":{"a":0,"k":[100,100,0],"ix":1},"s":{"a":0,"k":[13.5,13.125,100],"ix":6}},"ao":0,"w":200,"h":200,"ip":0,"op":150.000006109625,"st":0,"bm":0},{"ddd":0,"ind":25,"ty":0,"nm":"ronddiminue","refId":"comp_19","sr":1,"ks":{"o":{"a":0,"k":100,"ix":11},"r":{"a":0,"k":0,"ix":10},"p":{"a":0,"k":[208.889,215.441,0],"ix":2},"a":{"a":0,"k":[100,100,0],"ix":1},"s":{"a":0,"k":[10.5,10.5,100],"ix":6}},"ao":0,"w":200,"h":200,"ip":0,"op":150.000006109625,"st":0,"bm":0},{"ddd":0,"ind":26,"ty":0,"nm":"ronddiminue","refId":"comp_19","sr":1,"ks":{"o":{"a":0,"k":100,"ix":11},"r":{"a":0,"k":0,"ix":10},"p":{"a":0,"k":[200.014,222.566,0],"ix":2},"a":{"a":0,"k":[100,100,0],"ix":1},"s":{"a":0,"k":[10.5,10.5,100],"ix":6}},"ao":0,"w":200,"h":200,"ip":0,"op":150.000006109625,"st":0,"bm":0},{"ddd":0,"ind":27,"ty":0,"nm":"ronddiminue","refId":"comp_19","sr":1,"ks":{"o":{"a":0,"k":100,"ix":11},"r":{"a":0,"k":0,"ix":10},"p":{"a":0,"k":[184.625,212.25,0],"ix":2},"a":{"a":0,"k":[100,100,0],"ix":1},"s":{"a":0,"k":[10.5,10.5,100],"ix":6}},"ao":0,"w":200,"h":200,"ip":0,"op":150.000006109625,"st":0,"bm":0},{"ddd":0,"ind":28,"ty":0,"nm":"ronddiminue","refId":"comp_19","sr":1,"ks":{"o":{"a":0,"k":100,"ix":11},"r":{"a":0,"k":0,"ix":10},"p":{"a":0,"k":[172.875,200.25,0],"ix":2},"a":{"a":0,"k":[100,100,0],"ix":1},"s":{"a":0,"k":[10.5,10.5,100],"ix":6}},"ao":0,"w":200,"h":200,"ip":0,"op":150.000006109625,"st":0,"bm":0},{"ddd":0,"ind":29,"ty":0,"nm":"ronddiminue","refId":"comp_19","sr":1,"ks":{"o":{"a":0,"k":100,"ix":11},"r":{"a":0,"k":0,"ix":10},"p":{"a":0,"k":[182.375,210.375,0],"ix":2},"a":{"a":0,"k":[100,100,0],"ix":1},"s":{"a":0,"k":[10.5,10.5,100],"ix":6}},"ao":0,"w":200,"h":200,"ip":0,"op":150.000006109625,"st":0,"bm":0},{"ddd":0,"ind":30,"ty":0,"nm":"ronddiminue","refId":"comp_19","sr":1,"ks":{"o":{"a":0,"k":100,"ix":11},"r":{"a":0,"k":0,"ix":10},"p":{"a":0,"k":[170.375,196.25,0],"ix":2},"a":{"a":0,"k":[100,100,0],"ix":1},"s":{"a":0,"k":[10.5,10.5,100],"ix":6}},"ao":0,"w":200,"h":200,"ip":0,"op":150.000006109625,"st":0,"bm":0},{"ddd":0,"ind":31,"ty":0,"nm":"ronddiminue","refId":"comp_19","sr":1,"ks":{"o":{"a":0,"k":100,"ix":11},"r":{"a":0,"k":0,"ix":10},"p":{"a":0,"k":[170.75,182.25,0],"ix":2},"a":{"a":0,"k":[100,100,0],"ix":1},"s":{"a":0,"k":[10.5,10.5,100],"ix":6}},"ao":0,"w":200,"h":200,"ip":0,"op":150.000006109625,"st":0,"bm":0},{"ddd":0,"ind":32,"ty":0,"nm":"ronddiminue","refId":"comp_19","sr":1,"ks":{"o":{"a":0,"k":100,"ix":11},"r":{"a":0,"k":0,"ix":10},"p":{"a":0,"k":[219.75,177.75,0],"ix":2},"a":{"a":0,"k":[100,100,0],"ix":1},"s":{"a":0,"k":[18.5,18.5,100],"ix":6}},"ao":0,"w":200,"h":200,"ip":0,"op":150.000006109625,"st":0,"bm":0},{"ddd":0,"ind":33,"ty":0,"nm":"ronddiminue","refId":"comp_19","sr":1,"ks":{"o":{"a":0,"k":100,"ix":11},"r":{"a":0,"k":0,"ix":10},"p":{"a":0,"k":[200.25,217.25,0],"ix":2},"a":{"a":0,"k":[100,100,0],"ix":1},"s":{"a":0,"k":[18.5,18.5,100],"ix":6}},"ao":0,"w":200,"h":200,"ip":0,"op":150.000006109625,"st":0,"bm":0},{"ddd":0,"ind":34,"ty":0,"nm":"ronddiminue","refId":"comp_19","sr":1,"ks":{"o":{"a":0,"k":100,"ix":11},"r":{"a":0,"k":0,"ix":10},"p":{"a":0,"k":[173.75,189.75,0],"ix":2},"a":{"a":0,"k":[100,100,0],"ix":1},"s":{"a":0,"k":[18.5,18.5,100],"ix":6}},"ao":0,"w":200,"h":200,"ip":0,"op":150.000006109625,"st":0,"bm":0},{"ddd":0,"ind":35,"ty":0,"nm":"ronddiminue","refId":"comp_19","sr":1,"ks":{"o":{"a":0,"k":100,"ix":11},"r":{"a":0,"k":0,"ix":10},"p":{"a":0,"k":[207.25,178.25,0],"ix":2},"a":{"a":0,"k":[100,100,0],"ix":1},"s":{"a":0,"k":[18.5,18.5,100],"ix":6}},"ao":0,"w":200,"h":200,"ip":0,"op":150.000006109625,"st":0,"bm":0},{"ddd":0,"ind":36,"ty":0,"nm":"ronddiminue","refId":"comp_19","sr":1,"ks":{"o":{"a":0,"k":100,"ix":11},"r":{"a":0,"k":0,"ix":10},"p":{"a":0,"k":[212.75,207.25,0],"ix":2},"a":{"a":0,"k":[100,100,0],"ix":1},"s":{"a":0,"k":[18.5,18.5,100],"ix":6}},"ao":0,"w":200,"h":200,"ip":0,"op":150.000006109625,"st":0,"bm":0},{"ddd":0,"ind":37,"ty":0,"nm":"ronddiminue","refId":"comp_19","sr":1,"ks":{"o":{"a":0,"k":100,"ix":11},"r":{"a":0,"k":0,"ix":10},"p":{"a":0,"k":[195.25,211.25,0],"ix":2},"a":{"a":0,"k":[100,100,0],"ix":1},"s":{"a":0,"k":[25,25,100],"ix":6}},"ao":0,"w":200,"h":200,"ip":0,"op":150.000006109625,"st":0,"bm":0},{"ddd":0,"ind":38,"ty":0,"nm":"ronddiminue","refId":"comp_19","sr":1,"ks":{"o":{"a":0,"k":100,"ix":11},"r":{"a":0,"k":0,"ix":10},"p":{"a":0,"k":[181.75,200.25,0],"ix":2},"a":{"a":0,"k":[100,100,0],"ix":1},"s":{"a":0,"k":[25,25,100],"ix":6}},"ao":0,"w":200,"h":200,"ip":0,"op":150.000006109625,"st":0,"bm":0},{"ddd":0,"ind":39,"ty":0,"nm":"ronddiminue","refId":"comp_19","sr":1,"ks":{"o":{"a":0,"k":100,"ix":11},"r":{"a":0,"k":0,"ix":10},"p":{"a":0,"k":[200.75,193.25,0],"ix":2},"a":{"a":0,"k":[100,100,0],"ix":1},"s":{"a":0,"k":[25,25,100],"ix":6}},"ao":0,"w":200,"h":200,"ip":0,"op":150.000006109625,"st":0,"bm":0},{"ddd":0,"ind":40,"ty":0,"nm":"ronddiminue","refId":"comp_19","sr":1,"ks":{"o":{"a":0,"k":100,"ix":11},"r":{"a":0,"k":0,"ix":10},"p":{"a":0,"k":[221.25,189.25,0],"ix":2},"a":{"a":0,"k":[100,100,0],"ix":1},"s":{"a":0,"k":[25,25,100],"ix":6}},"ao":0,"w":200,"h":200,"ip":0,"op":150.000006109625,"st":0,"bm":0},{"ddd":0,"ind":41,"ty":0,"nm":"ronddiminue","refId":"comp_19","sr":1,"ks":{"o":{"a":0,"k":100,"ix":11},"r":{"a":0,"k":0,"ix":10},"p":{"a":0,"k":[181.75,180.25,0],"ix":2},"a":{"a":0,"k":[100,100,0],"ix":1},"s":{"a":0,"k":[25,25,100],"ix":6}},"ao":0,"w":200,"h":200,"ip":0,"op":150.000006109625,"st":0,"bm":0}]},{"id":"comp_19","layers":[{"ddd":0,"ind":1,"ty":4,"nm":"Calque de forme 5","sr":1,"ks":{"o":{"a":0,"k":100,"ix":11},"r":{"a":0,"k":0,"ix":10},"p":{"a":1,"k":[{"i":{"x":0.571,"y":0.93},"o":{"x":0.167,"y":0.167},"n":"0p571_0p93_0p167_0p167","t":0,"s":[100,100,0],"e":[100,69.985,0],"to":[0,-0.17251245677471,0],"ti":[0,9.91851329803467,0]},{"i":{"x":0.731,"y":1},"o":{"x":0.343,"y":0.505},"n":"0p731_1_0p343_0p505","t":3,"s":[100,69.985,0],"e":[100,40,0],"to":[0,-9.9765567779541,0],"ti":[0,0.03740864992142,0]},{"t":30.0000012219251}],"ix":2},"a":{"a":0,"k":[0,0,0],"ix":1},"s":{"a":1,"k":[{"i":{"x":[0.57,0.57,0.57],"y":[0.896,0.896,6.336]},"o":{"x":[0.194,0.194,0.194],"y":[0.038,0.038,-1.924]},"n":["0p57_0p896_0p194_0p038","0p57_0p896_0p194_0p038","0p57_6p336_0p194_-1p924"],"t":0,"s":[100,100,100],"e":[48.393,48.393,100]},{"i":{"x":[0.704,0.704,0.704],"y":[1,1,1]},"o":{"x":[0.328,0.328,0.328],"y":[0.765,0.765,-36.631]},"n":["0p704_1_0p328_0p765","0p704_1_0p328_0p765","0p704_1_0p328_-36p631"],"t":3,"s":[48.393,48.393,100],"e":[0,0,100]},{"t":30.0000012219251}],"ix":6}},"ao":0,"shapes":[{"ty":"gr","it":[{"ind":0,"ty":"sh","ix":1,"ks":{"a":0,"k":{"i":[[21.4,0],[0,-21.4],[-21.4,0],[0,21.4]],"o":[[-21.4,0],[0,21.4],[21.4,0],[0,-21.4]],"v":[[0,-38.748],[-38.748,0],[0,38.748],[38.748,0]],"c":true},"ix":2},"nm":"Tracé 1","mn":"ADBE Vector Shape - Group","hd":false},{"ty":"fl","c":{"a":0,"k":[0.835294127464,0.164705887437,0.419607847929,1],"ix":4},"o":{"a":0,"k":100,"ix":5},"r":1,"nm":"Fond 1","mn":"ADBE Vector Graphic - Fill","hd":false},{"ty":"tr","p":{"a":0,"k":[0,0],"ix":2},"a":{"a":0,"k":[0,0],"ix":1},"s":{"a":0,"k":[130,130],"ix":3},"r":{"a":0,"k":0,"ix":6},"o":{"a":0,"k":100,"ix":7},"sk":{"a":0,"k":0,"ix":4},"sa":{"a":0,"k":0,"ix":5},"nm":"Transformer "}],"nm":"Ellipse 1","np":3,"cix":2,"ix":1,"mn":"ADBE Vector Group","hd":false}],"ip":0,"op":150.000006109625,"st":0,"bm":0},{"ddd":0,"ind":2,"ty":4,"nm":"Calque de forme 4","sr":1,"ks":{"o":{"a":0,"k":100,"ix":11},"r":{"a":0,"k":0,"ix":10},"p":{"a":1,"k":[{"i":{"x":0.57,"y":0.93},"o":{"x":0.167,"y":0.167},"n":"0p57_0p93_0p167_0p167","t":0,"s":[100,100,0],"e":[130.638,100,0],"to":[3.4184627532959,0,0],"ti":[-8.54281234741211,0,0]},{"i":{"x":0.704,"y":1},"o":{"x":0.328,"y":0.504},"n":"0p704_1_0p328_0p504","t":3,"s":[130.638,100,0],"e":[160,100,0],"to":[8.11733150482178,0,0],"ti":[-3.24820375442505,0,0]},{"t":30.0000012219251}],"ix":2},"a":{"a":0,"k":[0,0,0],"ix":1},"s":{"a":1,"k":[{"i":{"x":[0.57,0.57,0.57],"y":[0.896,0.896,6.336]},"o":{"x":[0.194,0.194,0.194],"y":[0.038,0.038,-1.924]},"n":["0p57_0p896_0p194_0p038","0p57_0p896_0p194_0p038","0p57_6p336_0p194_-1p924"],"t":0,"s":[100,100,100],"e":[48.393,48.393,100]},{"i":{"x":[0.704,0.704,0.704],"y":[1,1,1]},"o":{"x":[0.328,0.328,0.328],"y":[0.765,0.765,-36.631]},"n":["0p704_1_0p328_0p765","0p704_1_0p328_0p765","0p704_1_0p328_-36p631"],"t":3,"s":[48.393,48.393,100],"e":[0,0,100]},{"t":30.0000012219251}],"ix":6}},"ao":0,"shapes":[{"ty":"gr","it":[{"ind":0,"ty":"sh","ix":1,"ks":{"a":0,"k":{"i":[[21.4,0],[0,-21.4],[-21.4,0],[0,21.4]],"o":[[-21.4,0],[0,21.4],[21.4,0],[0,-21.4]],"v":[[0,-38.748],[-38.748,0],[0,38.748],[38.748,0]],"c":true},"ix":2},"nm":"Tracé 1","mn":"ADBE Vector Shape - Group","hd":false},{"ty":"fl","c":{"a":0,"k":[0.835294127464,0.164705887437,0.419607847929,1],"ix":4},"o":{"a":0,"k":100,"ix":5},"r":1,"nm":"Fond 1","mn":"ADBE Vector Graphic - Fill","hd":false},{"ty":"tr","p":{"a":0,"k":[0,0],"ix":2},"a":{"a":0,"k":[0,0],"ix":1},"s":{"a":0,"k":[130,130],"ix":3},"r":{"a":0,"k":0,"ix":6},"o":{"a":0,"k":100,"ix":7},"sk":{"a":0,"k":0,"ix":4},"sa":{"a":0,"k":0,"ix":5},"nm":"Transformer "}],"nm":"Ellipse 1","np":3,"cix":2,"ix":1,"mn":"ADBE Vector Group","hd":false}],"ip":0,"op":150.000006109625,"st":0,"bm":0},{"ddd":0,"ind":3,"ty":4,"nm":"Calque de forme 3","sr":1,"ks":{"o":{"a":0,"k":100,"ix":11},"r":{"a":0,"k":0,"ix":10},"p":{"a":1,"k":[{"i":{"x":0.57,"y":0.93},"o":{"x":0.167,"y":0.167},"n":"0p57_0p93_0p167_0p167","t":0,"s":[100,100,0],"e":[100,130.638,0],"to":[0,3.4184627532959,0],"ti":[0,-8.54281234741211,0]},{"i":{"x":0.704,"y":1},"o":{"x":0.328,"y":0.504},"n":"0p704_1_0p328_0p504","t":3,"s":[100,130.638,0],"e":[100,160,0],"to":[0,8.11733150482178,0],"ti":[0,-3.24820375442505,0]},{"t":30.0000012219251}],"ix":2},"a":{"a":0,"k":[0,0,0],"ix":1},"s":{"a":1,"k":[{"i":{"x":[0.57,0.57,0.57],"y":[0.896,0.896,6.336]},"o":{"x":[0.194,0.194,0.194],"y":[0.038,0.038,-1.924]},"n":["0p57_0p896_0p194_0p038","0p57_0p896_0p194_0p038","0p57_6p336_0p194_-1p924"],"t":0,"s":[100,100,100],"e":[48.393,48.393,100]},{"i":{"x":[0.704,0.704,0.704],"y":[1,1,1]},"o":{"x":[0.328,0.328,0.328],"y":[0.765,0.765,-36.631]},"n":["0p704_1_0p328_0p765","0p704_1_0p328_0p765","0p704_1_0p328_-36p631"],"t":3,"s":[48.393,48.393,100],"e":[0,0,100]},{"t":30.0000012219251}],"ix":6}},"ao":0,"shapes":[{"ty":"gr","it":[{"ind":0,"ty":"sh","ix":1,"ks":{"a":0,"k":{"i":[[21.4,0],[0,-21.4],[-21.4,0],[0,21.4]],"o":[[-21.4,0],[0,21.4],[21.4,0],[0,-21.4]],"v":[[0,-38.748],[-38.748,0],[0,38.748],[38.748,0]],"c":true},"ix":2},"nm":"Tracé 1","mn":"ADBE Vector Shape - Group","hd":false},{"ty":"fl","c":{"a":0,"k":[0.835294127464,0.164705887437,0.419607847929,1],"ix":4},"o":{"a":0,"k":100,"ix":5},"r":1,"nm":"Fond 1","mn":"ADBE Vector Graphic - Fill","hd":false},{"ty":"tr","p":{"a":0,"k":[0,0],"ix":2},"a":{"a":0,"k":[0,0],"ix":1},"s":{"a":0,"k":[130,130],"ix":3},"r":{"a":0,"k":0,"ix":6},"o":{"a":0,"k":100,"ix":7},"sk":{"a":0,"k":0,"ix":4},"sa":{"a":0,"k":0,"ix":5},"nm":"Transformer "}],"nm":"Ellipse 1","np":3,"cix":2,"ix":1,"mn":"ADBE Vector Group","hd":false}],"ip":0,"op":150.000006109625,"st":0,"bm":0},{"ddd":0,"ind":4,"ty":4,"nm":"Calque de forme 2","sr":1,"ks":{"o":{"a":0,"k":100,"ix":11},"r":{"a":0,"k":0,"ix":10},"p":{"a":1,"k":[{"i":{"x":0.57,"y":0.93},"o":{"x":0.167,"y":0.167},"n":"0p57_0p93_0p167_0p167","t":0,"s":[100,100,0],"e":[69.355,100,0],"to":[-3.41931676864624,0,0],"ti":[8.54487895965576,0,0]},{"i":{"x":0.704,"y":1},"o":{"x":0.328,"y":0.504},"n":"0p704_1_0p328_0p504","t":3,"s":[69.355,100,0],"e":[40,100,0],"to":[-8.11513328552246,0,0],"ti":[3.24734997749329,0,0]},{"t":30.0000012219251}],"ix":2},"a":{"a":0,"k":[0,0,0],"ix":1},"s":{"a":1,"k":[{"i":{"x":[0.57,0.57,0.57],"y":[0.896,0.896,6.336]},"o":{"x":[0.194,0.194,0.194],"y":[0.038,0.038,-1.924]},"n":["0p57_0p896_0p194_0p038","0p57_0p896_0p194_0p038","0p57_6p336_0p194_-1p924"],"t":0,"s":[100,100,100],"e":[48.393,48.393,100]},{"i":{"x":[0.704,0.704,0.704],"y":[1,1,1]},"o":{"x":[0.328,0.328,0.328],"y":[0.765,0.765,-36.631]},"n":["0p704_1_0p328_0p765","0p704_1_0p328_0p765","0p704_1_0p328_-36p631"],"t":3,"s":[48.393,48.393,100],"e":[0,0,100]},{"t":30.0000012219251}],"ix":6}},"ao":0,"shapes":[{"ty":"gr","it":[{"ind":0,"ty":"sh","ix":1,"ks":{"a":0,"k":{"i":[[21.4,0],[0,-21.4],[-21.4,0],[0,21.4]],"o":[[-21.4,0],[0,21.4],[21.4,0],[0,-21.4]],"v":[[0,-38.748],[-38.748,0],[0,38.748],[38.748,0]],"c":true},"ix":2},"nm":"Tracé 1","mn":"ADBE Vector Shape - Group","hd":false},{"ty":"fl","c":{"a":0,"k":[0.835294127464,0.164705887437,0.419607847929,1],"ix":4},"o":{"a":0,"k":100,"ix":5},"r":1,"nm":"Fond 1","mn":"ADBE Vector Graphic - Fill","hd":false},{"ty":"tr","p":{"a":0,"k":[0,0],"ix":2},"a":{"a":0,"k":[0,0],"ix":1},"s":{"a":0,"k":[130,130],"ix":3},"r":{"a":0,"k":0,"ix":6},"o":{"a":0,"k":100,"ix":7},"sk":{"a":0,"k":0,"ix":4},"sa":{"a":0,"k":0,"ix":5},"nm":"Transformer "}],"nm":"Ellipse 1","np":3,"cix":2,"ix":1,"mn":"ADBE Vector Group","hd":false}],"ip":0,"op":150.000006109625,"st":0,"bm":0}]}],"layers":[{"ddd":0,"ind":1,"ty":0,"nm":"Précomp. 1","refId":"comp_18","sr":1,"ks":{"o":{"a":0,"k":100,"ix":11},"r":{"a":0,"k":0,"ix":10},"p":{"a":0,"k":[200,200,0],"ix":2},"a":{"a":0,"k":[200,200,0],"ix":1},"s":{"a":1,"k":[{"i":{"x":[0.667,0.667,0.667],"y":[1,1,1]},"o":{"x":[0.167,0.167,0.167],"y":[0.167,0.167,0.116]},"n":["0p667_1_0p167_0p167","0p667_1_0p167_0p167","0p667_1_0p167_0p116"],"t":46,"s":[105,105,100],"e":[400,400,100]},{"t":70.0000028511585}],"ix":6}},"ao":0,"w":400,"h":400,"ip":46.0000018736184,"op":196.000007983244,"st":46.0000018736184,"bm":0},{"ddd":0,"ind":5,"ty":4,"nm":"coeur Silhouettes","sr":1,"ks":{"o":{"a":0,"k":100,"ix":11},"r":{"a":0,"k":0,"ix":10},"p":{"a":1,"k":[{"i":{"x":0.667,"y":1},"o":{"x":0.333,"y":0},"n":"0p667_1_0p333_0","t":0,"s":[200,200,0],"e":[200,194,0],"to":[0,-1,0],"ti":[0,0,0]},{"i":{"x":0.667,"y":1},"o":{"x":0.333,"y":0},"n":"0p667_1_0p333_0","t":6,"s":[200,194,0],"e":[200,200,0],"to":[0,0,0],"ti":[0,0,0]},{"i":{"x":0.667,"y":1},"o":{"x":0.333,"y":0},"n":"0p667_1_0p333_0","t":12,"s":[200,200,0],"e":[200,194,0],"to":[0,0,0],"ti":[0,0,0]},{"i":{"x":0.667,"y":1},"o":{"x":0.333,"y":0},"n":"0p667_1_0p333_0","t":14,"s":[200,194,0],"e":[200,200,0],"to":[0,0,0],"ti":[0,0,0]},{"i":{"x":0.667,"y":1},"o":{"x":0.333,"y":0},"n":"0p667_1_0p333_0","t":16,"s":[200,200,0],"e":[200,194,0],"to":[0,0,0],"ti":[0,0,0]},{"i":{"x":0.667,"y":1},"o":{"x":0.333,"y":0},"n":"0p667_1_0p333_0","t":18,"s":[200,194,0],"e":[200,200,0],"to":[0,0,0],"ti":[0,0,0]},{"i":{"x":0.667,"y":1},"o":{"x":0.333,"y":0},"n":"0p667_1_0p333_0","t":19,"s":[200,200,0],"e":[200,194,0],"to":[0,0,0],"ti":[0,0,0]},{"i":{"x":0.667,"y":1},"o":{"x":0.333,"y":0},"n":"0p667_1_0p333_0","t":20,"s":[200,194,0],"e":[200,200,0],"to":[0,0,0],"ti":[0,0,0]},{"i":{"x":0.667,"y":1},"o":{"x":0.333,"y":0},"n":"0p667_1_0p333_0","t":21,"s":[200,200,0],"e":[200,194,0],"to":[0,0,0],"ti":[0,0,0]},{"i":{"x":0.667,"y":1},"o":{"x":0.333,"y":0},"n":"0p667_1_0p333_0","t":22,"s":[200,194,0],"e":[200,200,0],"to":[0,0,0],"ti":[0,0,0]},{"i":{"x":0.667,"y":1},"o":{"x":0.333,"y":0},"n":"0p667_1_0p333_0","t":23,"s":[200,200,0],"e":[200,194,0],"to":[0,0,0],"ti":[0,0,0]},{"i":{"x":0.667,"y":1},"o":{"x":0.333,"y":0},"n":"0p667_1_0p333_0","t":24,"s":[200,194,0],"e":[200,200,0],"to":[0,0,0],"ti":[0,0,0]},{"i":{"x":0.667,"y":1},"o":{"x":0.333,"y":0},"n":"0p667_1_0p333_0","t":25,"s":[200,200,0],"e":[200,194,0],"to":[0,0,0],"ti":[0,0,0]},{"i":{"x":0.667,"y":1},"o":{"x":0.333,"y":0},"n":"0p667_1_0p333_0","t":26,"s":[200,194,0],"e":[200,200,0],"to":[0,0,0],"ti":[0,0,0]},{"i":{"x":0.667,"y":1},"o":{"x":0.333,"y":0},"n":"0p667_1_0p333_0","t":27,"s":[200,200,0],"e":[200,194,0],"to":[0,0,0],"ti":[0,0,0]},{"i":{"x":0.667,"y":1},"o":{"x":0.333,"y":0},"n":"0p667_1_0p333_0","t":28,"s":[200,194,0],"e":[200,200,0],"to":[0,0,0],"ti":[0,0,0]},{"i":{"x":0.667,"y":1},"o":{"x":0.333,"y":0},"n":"0p667_1_0p333_0","t":29,"s":[200,200,0],"e":[200,194,0],"to":[0,0,0],"ti":[0,0,0]},{"i":{"x":0.667,"y":1},"o":{"x":0.333,"y":0},"n":"0p667_1_0p333_0","t":30,"s":[200,194,0],"e":[200,200,0],"to":[0,0,0],"ti":[0,0,0]},{"i":{"x":0.667,"y":1},"o":{"x":0.333,"y":0},"n":"0p667_1_0p333_0","t":31,"s":[200,200,0],"e":[200,194,0],"to":[0,0,0],"ti":[0,0,0]},{"i":{"x":0.667,"y":1},"o":{"x":0.333,"y":0},"n":"0p667_1_0p333_0","t":32,"s":[200,194,0],"e":[200,200,0],"to":[0,0,0],"ti":[0,0,0]},{"i":{"x":0.667,"y":1},"o":{"x":0.333,"y":0},"n":"0p667_1_0p333_0","t":33,"s":[200,200,0],"e":[200,194,0],"to":[0,0,0],"ti":[0,0,0]},{"i":{"x":0.667,"y":1},"o":{"x":0.333,"y":0},"n":"0p667_1_0p333_0","t":34,"s":[200,194,0],"e":[200,200,0],"to":[0,0,0],"ti":[0,0,0]},{"i":{"x":0.667,"y":1},"o":{"x":0.333,"y":0},"n":"0p667_1_0p333_0","t":35,"s":[200,200,0],"e":[200,194,0],"to":[0,0,0],"ti":[0,0,0]},{"i":{"x":0.667,"y":1},"o":{"x":0.333,"y":0},"n":"0p667_1_0p333_0","t":36,"s":[200,194,0],"e":[200,200,0],"to":[0,0,0],"ti":[0,0,0]},{"i":{"x":0.667,"y":1},"o":{"x":0.333,"y":0},"n":"0p667_1_0p333_0","t":37,"s":[200,200,0],"e":[200,194,0],"to":[0,0,0],"ti":[0,0,0]},{"i":{"x":0.667,"y":1},"o":{"x":0.333,"y":0},"n":"0p667_1_0p333_0","t":38,"s":[200,194,0],"e":[200,200,0],"to":[0,0,0],"ti":[0,0,0]},{"i":{"x":0.667,"y":1},"o":{"x":0.333,"y":0},"n":"0p667_1_0p333_0","t":39,"s":[200,200,0],"e":[200,194,0],"to":[0,0,0],"ti":[0,0,0]},{"i":{"x":0.667,"y":1},"o":{"x":0.333,"y":0},"n":"0p667_1_0p333_0","t":40,"s":[200,194,0],"e":[200,200,0],"to":[0,0,0],"ti":[0,0,0]},{"i":{"x":0.667,"y":1},"o":{"x":0.333,"y":0},"n":"0p667_1_0p333_0","t":41,"s":[200,200,0],"e":[200,194,0],"to":[0,0,0],"ti":[0,0,0]},{"i":{"x":0.667,"y":1},"o":{"x":0.333,"y":0},"n":"0p667_1_0p333_0","t":42,"s":[200,194,0],"e":[200,200,0],"to":[0,0,0],"ti":[0,0,0]},{"i":{"x":0.667,"y":1},"o":{"x":0.333,"y":0},"n":"0p667_1_0p333_0","t":43,"s":[200,200,0],"e":[200,194,0],"to":[0,0,0],"ti":[0,0,0]},{"i":{"x":0.667,"y":1},"o":{"x":0.333,"y":0},"n":"0p667_1_0p333_0","t":44,"s":[200,194,0],"e":[200,200,0],"to":[0,0,0],"ti":[0,-1,0]},{"t":45.0000018328876}],"ix":2},"a":{"a":0,"k":[400,400,0],"ix":1},"s":{"a":0,"k":[100,100,100],"ix":6}},"ao":0,"shapes":[{"ty":"gr","it":[{"ind":0,"ty":"sh","ix":1,"ks":{"a":1,"k":[{"i":{"x":0.833,"y":0.833},"o":{"x":0.167,"y":0.167},"n":"0p833_0p833_0p167_0p167","t":0,"s":[{"i":[[-0.006,-8.256],[11.584,-17.342],[0.014,19.716],[-8.285,0.005],[-2.161,-5.618],[-6.397,0.004]],"o":[[-0.016,19.717],[-11.608,-17.325],[-0.006,-8.257],[6.398,-0.005],[2.153,-5.621],[8.285,-0.006]],"v":[[29.007,-11.063],[0.014,26.008],[-29.001,-11.021],[-14.01,-25.982],[-0.001,-16.375],[13.993,-26.002]],"c":true}],"e":[{"i":[[3.314,-17.063],[14.486,-10.316],[3.192,15.229],[-11.26,1.46],[-5.853,-0.577],[-10.756,-2.56]],"o":[[-3.314,17.063],[-17.764,-9.816],[-3.192,-15.229],[11.259,-1.46],[5.853,0.144],[10.756,2.56]],"v":[[33.314,-2.063],[0.014,31.316],[-36.558,-4.271],[-19.01,-30.04],[-1.001,-28.587],[20.744,-30.06]],"c":true}]},{"t":45.0000018328876}],"ix":2},"nm":"Tracé 1","mn":"ADBE Vector Shape - Group","hd":false},{"ty":"fl","c":{"a":0,"k":[0.835692405701,0.165205448866,0.418795049191,1],"ix":4},"o":{"a":0,"k":100,"ix":5},"r":1,"nm":"Fond 1","mn":"ADBE Vector Graphic - Fill","hd":false},{"ty":"tr","p":{"a":0,"k":[400,400],"ix":2},"a":{"a":0,"k":[0,0],"ix":1},"s":{"a":0,"k":[100,100],"ix":3},"r":{"a":0,"k":0,"ix":6},"o":{"a":0,"k":100,"ix":7},"sk":{"a":0,"k":0,"ix":4},"sa":{"a":0,"k":0,"ix":5},"nm":"Transformer "}],"nm":"Groupe 1","np":2,"cix":2,"ix":1,"mn":"ADBE Vector Group","hd":false}],"ip":0,"op":46.0000018736184,"st":0,"bm":0}]}