{"v":"5.4.2","fr":25,"ip":0,"op":75,"w":1080,"h":1080,"nm":"Submit_Loading","ddd":0,"assets":[],"fonts":{"list":[{"fName":"OmnesMedium","fFamily":"Omnes","fStyle":"Medium","ascent":69.1024780273438}]},"layers":[{"ddd":0,"ind":2,"ty":5,"nm":"START 3","parent":5,"sr":1,"ks":{"o":{"a":1,"k":[{"i":{"x":[0.833],"y":[0.833]},"o":{"x":[0.167],"y":[0.167]},"n":["0p833_0p833_0p167_0p167"],"t":20,"s":[100],"e":[0]},{"t":27}],"ix":11},"r":{"a":0,"k":0,"ix":10},"p":{"a":0,"k":[-229,-101,0],"ix":2},"a":{"a":0,"k":[1.821,-23.131,0],"ix":1},"s":{"a":0,"k":[194.254,194.254,100],"ix":6}},"ao":0,"t":{"d":{"k":[{"s":{"s":71,"f":"OmnesMedium","t":"START","j":2,"tr":0,"lh":85.2,"ls":0,"fc":[1,1,1]},"t":0}]},"p":{},"m":{"g":1,"a":{"a":0,"k":[0,0],"ix":2}},"a":[]},"ip":18,"op":75,"st":0,"bm":0},{"ddd":0,"ind":3,"ty":5,"nm":"START 2","parent":5,"sr":1,"ks":{"o":{"a":1,"k":[{"i":{"x":[0.833],"y":[0.833]},"o":{"x":[0.167],"y":[0.167]},"n":["0p833_0p833_0p167_0p167"],"t":19,"s":[100],"e":[0]},{"t":27}],"ix":11},"r":{"a":0,"k":0,"ix":10},"p":{"a":0,"k":[-229,-101,0],"ix":2},"a":{"a":0,"k":[1.821,-23.131,0],"ix":1},"s":{"a":0,"k":[194.254,194.254,100],"ix":6}},"ao":0,"t":{"d":{"k":[{"s":{"s":71,"f":"OmnesMedium","t":"START","j":2,"tr":0,"lh":85.2,"ls":0,"fc":[0.549,0.549,0.549]},"t":0}]},"p":{},"m":{"g":1,"a":{"a":0,"k":[0,0],"ix":2}},"a":[]},"ip":8,"op":18,"st":0,"bm":0},{"ddd":0,"ind":4,"ty":5,"nm":"START","parent":5,"sr":1,"ks":{"o":{"a":1,"k":[{"i":{"x":[0.833],"y":[0.833]},"o":{"x":[0.167],"y":[0.167]},"n":["0p833_0p833_0p167_0p167"],"t":19,"s":[100],"e":[0]},{"t":27}],"ix":11},"r":{"a":0,"k":0,"ix":10},"p":{"a":0,"k":[-229,-101,0],"ix":2},"a":{"a":0,"k":[1.821,-23.131,0],"ix":1},"s":{"a":0,"k":[194.254,194.254,100],"ix":6}},"ao":0,"t":{"d":{"k":[{"s":{"s":71,"f":"OmnesMedium","t":"START","j":2,"tr":0,"lh":85.2,"ls":0,"fc":[1,1,1]},"t":0}]},"p":{},"m":{"g":1,"a":{"a":0,"k":[0,0],"ix":2}},"a":[]},"ip":0,"op":8,"st":0,"bm":0},{"ddd":0,"ind":5,"ty":4,"nm":"Shape Layer 1","sr":1,"ks":{"o":{"a":0,"k":100,"ix":11},"r":{"a":0,"k":0,"ix":10},"p":{"a":0,"k":[540,540,0],"ix":2},"a":{"a":0,"k":[-229,-101,0],"ix":1},"s":{"a":1,"k":[{"i":{"x":[0.667,0.667,0.667],"y":[1,1,1]},"o":{"x":[0.333,0.333,0.333],"y":[0,0,0]},"n":["0p667_1_0p333_0","0p667_1_0p333_0","0p667_1_0p333_0"],"t":12,"s":[100,100,100],"e":[90,90,100]},{"i":{"x":[0.667,0.667,0.667],"y":[1,1,1]},"o":{"x":[0.333,0.333,0.333],"y":[0,0,0]},"n":["0p667_1_0p333_0","0p667_1_0p333_0","0p667_1_0p333_0"],"t":14,"s":[90,90,100],"e":[100,100,100]},{"t":16}],"ix":6}},"ao":0,"shapes":[{"ty":"gr","it":[{"ty":"rc","d":1,"s":{"a":1,"k":[{"i":{"x":[0.338,0.667],"y":[1,1]},"o":{"x":[0.669,0.333],"y":[0,0]},"n":["0p338_1_0p669_0","0p667_1_0p333_0"],"t":16,"s":[928,300],"e":[300,300]},{"t":45}],"ix":2},"p":{"a":0,"k":[0,0],"ix":3},"r":{"a":1,"k":[{"i":{"x":[0.168],"y":[1]},"o":{"x":[0.839],"y":[0]},"n":["0p168_1_0p839_0"],"t":16,"s":[160],"e":[180]},{"t":45}],"ix":4},"nm":"Rectangle Path 1","mn":"ADBE Vector Shape - Rect","hd":false},{"ty":"tm","s":{"a":0,"k":100,"ix":1},"e":{"a":1,"k":[{"i":{"x":[0],"y":[1]},"o":{"x":[0.333],"y":[0]},"n":["0_1_0p333_0"],"t":46,"s":[0],"e":[100]},{"t":63}],"ix":2},"o":{"a":0,"k":0,"ix":3},"m":1,"ix":2,"nm":"Trim Paths 1","mn":"ADBE Vector Filter - Trim","hd":false},{"ty":"st","c":{"a":0,"k":[0.376470618154,0.772549079446,0.396078461292,1],"ix":3},"o":{"a":0,"k":100,"ix":4},"w":{"a":0,"k":15,"ix":5},"lc":2,"lj":1,"ml":4,"ml2":{"a":0,"k":4,"ix":8},"nm":"Stroke 1","mn":"ADBE Vector Graphic - Stroke","hd":false},{"ty":"fl","c":{"a":0,"k":[0.375670878092,0.772549019608,0.394347516228,1],"ix":4},"o":{"a":1,"k":[{"i":{"x":[0.833],"y":[0.833]},"o":{"x":[0.167],"y":[0.167]},"n":["0p833_0p833_0p167_0p167"],"t":7,"s":[100],"e":[0]},{"i":{"x":[0.833],"y":[0.833]},"o":{"x":[0.167],"y":[0.167]},"n":["0p833_0p833_0p167_0p167"],"t":8,"s":[0],"e":[0]},{"i":{"x":[0.833],"y":[0.833]},"o":{"x":[0.167],"y":[0.167]},"n":["0p833_0p833_0p167_0p167"],"t":18,"s":[0],"e":[100]},{"i":{"x":[0.833],"y":[0.833]},"o":{"x":[0.167],"y":[0.167]},"n":["0p833_0p833_0p167_0p167"],"t":19,"s":[100],"e":[100]},{"i":{"x":[0.833],"y":[0.833]},"o":{"x":[0.167],"y":[0.167]},"n":["0p833_0p833_0p167_0p167"],"t":43,"s":[100],"e":[0]},{"t":45}],"ix":5},"r":1,"nm":"Fill 1","mn":"ADBE Vector Graphic - Fill","hd":false},{"ty":"tr","p":{"a":0,"k":[-229,-101],"ix":2},"a":{"a":0,"k":[0,0],"ix":1},"s":{"a":0,"k":[100,100],"ix":3},"r":{"a":0,"k":0,"ix":6},"o":{"a":0,"k":100,"ix":7},"sk":{"a":0,"k":0,"ix":4},"sa":{"a":0,"k":0,"ix":5},"nm":"Transform"}],"nm":"Rectangle 1","np":4,"cix":2,"ix":1,"mn":"ADBE Vector Group","hd":false}],"ip":0,"op":75,"st":0,"bm":0},{"ddd":0,"ind":6,"ty":4,"nm":"Shape Layer 2","sr":1,"ks":{"o":{"a":1,"k":[{"i":{"x":[0.833],"y":[0.833]},"o":{"x":[0.167],"y":[0.167]},"n":["0p833_0p833_0p167_0p167"],"t":43,"s":[0],"e":[100]},{"i":{"x":[0.833],"y":[0.833]},"o":{"x":[0.167],"y":[0.167]},"n":["0p833_0p833_0p167_0p167"],"t":45,"s":[100],"e":[100]},{"i":{"x":[0.833],"y":[0.833]},"o":{"x":[0.167],"y":[0.167]},"n":["0p833_0p833_0p167_0p167"],"t":63,"s":[100],"e":[0]},{"t":70}],"ix":11},"r":{"a":0,"k":0,"ix":10},"p":{"a":0,"k":[540,540,0],"ix":2},"a":{"a":0,"k":[-229,-101,0],"ix":1},"s":{"a":0,"k":[100,100,100],"ix":6}},"ao":0,"shapes":[{"ty":"gr","it":[{"ty":"rc","d":1,"s":{"a":0,"k":[300,300],"ix":2},"p":{"a":0,"k":[0,0],"ix":3},"r":{"a":0,"k":180,"ix":4},"nm":"Rectangle Path 1","mn":"ADBE Vector Shape - Rect","hd":false},{"ty":"tm","s":{"a":0,"k":100,"ix":1},"e":{"a":0,"k":0,"ix":2},"o":{"a":0,"k":0,"ix":3},"m":1,"ix":2,"nm":"Trim Paths 1","mn":"ADBE Vector Filter - Trim","hd":false},{"ty":"st","c":{"a":0,"k":[0.756862745098,0.756862745098,0.756862745098,1],"ix":3},"o":{"a":0,"k":100,"ix":4},"w":{"a":0,"k":15,"ix":5},"lc":2,"lj":1,"ml":4,"ml2":{"a":0,"k":4,"ix":8},"nm":"Stroke 1","mn":"ADBE Vector Graphic - Stroke","hd":false},{"ty":"tr","p":{"a":0,"k":[-229,-101],"ix":2},"a":{"a":0,"k":[0,0],"ix":1},"s":{"a":0,"k":[100,100],"ix":3},"r":{"a":0,"k":0,"ix":6},"o":{"a":0,"k":100,"ix":7},"sk":{"a":0,"k":0,"ix":4},"sa":{"a":0,"k":0,"ix":5},"nm":"Transform"}],"nm":"Rectangle 1","np":4,"cix":2,"ix":1,"mn":"ADBE Vector Group","hd":false}],"ip":28,"op":75,"st":0,"bm":0},{"ddd":0,"ind":7,"ty":1,"nm":"bg","sr":1,"ks":{"o":{"a":0,"k":100,"ix":11},"r":{"a":0,"k":0,"ix":10},"p":{"a":0,"k":[540,540,0],"ix":2},"a":{"a":0,"k":[540,540,0],"ix":1},"s":{"a":0,"k":[100,100,100],"ix":6}},"ao":0,"sw":1080,"sh":1080,"sc":"#ffffff","ip":0,"op":75,"st":0,"bm":0}],"markers":[],"chars":[{"ch":"S","size":71,"style":"Medium","w":55.4,"data":{"shapes":[{"ty":"gr","it":[{"ind":0,"ty":"sh","ix":1,"ks":{"a":0,"k":{"i":[[-2.216,-2.115],[-10.071,0],[0,11.984],[11.078,2.518],[0,7.15],[-8.157,0],[-3.424,-4.935],[0,3.726],[2.618,2.014],[8.56,0],[0,-11.078],[-10.071,-2.316],[0,-7.352],[9.064,0],[3.726,5.438],[0,-3.424]],"o":[[3.928,3.625],[15.207,0],[0,-12.589],[-9.064,-2.115],[0,-6.042],[7.553,0],[0.201,0.302],[0,-1.913],[-3.625,-2.921],[-13.898,0],[0,13.193],[8.661,2.014],[0,6.445],[-8.963,0],[-0.302,-0.403],[0,1.913]],"v":[[6.546,-5.438],[27.695,1.309],[52.167,-18.127],[30.414,-37.564],[15.005,-47.937],[28.5,-57.907],[45.923,-49.146],[50.757,-54.886],[46.829,-61.13],[28.4,-66.467],[4.935,-47.534],[25.479,-28.5],[41.794,-17.422],[27.594,-7.251],[7.956,-17.221],[3.223,-11.682]],"c":true},"ix":2},"nm":"S","mn":"ADBE Vector Shape - Group","hd":false}],"nm":"S","np":3,"cix":2,"ix":1,"mn":"ADBE Vector Group","hd":false}]},"fFamily":"Omnes"},{"ch":"T","size":71,"style":"Medium","w":60.5,"data":{"shapes":[{"ty":"gr","it":[{"ind":0,"ty":"sh","ix":1,"ks":{"a":0,"k":{"i":[[0,0],[-2.921,0],[0,0],[0,3.122],[0,0],[0,0],[0,2.82],[0,0],[3.122,0],[0,0],[0,-2.82],[0,0],[-3.122,0],[0,0]],"o":[[0,3.122],[0,0],[3.021,0],[0,0],[0,0],[3.122,0],[0,0],[0,-2.82],[0,0],[-3.122,0],[0,0],[0,2.82],[0,0],[0,0]],"v":[[24.673,-4.33],[29.105,0.403],[30.515,0.403],[35.147,-4.33],[35.147,-55.893],[52.972,-55.893],[57.706,-60.324],[57.706,-60.828],[52.972,-65.158],[6.848,-65.158],[2.014,-60.828],[2.014,-60.324],[6.848,-55.893],[24.673,-55.893]],"c":true},"ix":2},"nm":"T","mn":"ADBE Vector Shape - Group","hd":false}],"nm":"T","np":3,"cix":2,"ix":1,"mn":"ADBE Vector Group","hd":false}]},"fFamily":"Omnes"},{"ch":"A","size":71,"style":"Medium","w":63,"data":{"shapes":[{"ty":"gr","it":[{"ind":0,"ty":"sh","ix":1,"ks":{"a":0,"k":{"i":[[-3.021,0],[-1.309,3.625],[0,0],[0,0],[0,0],[-2.316,0],[0.302,0.806],[0,0],[4.834,0],[0.806,-2.115],[0,0]],"o":[[2.216,0],[0,0],[0,0],[0,0],[1.41,3.726],[3.122,0],[0,0],[-0.806,-2.115],[-4.733,0],[0,0],[-0.302,0.906]],"v":[[6.949,0.504],[12.689,-4.23],[18.43,-19.135],[44.513,-19.135],[50.253,-4.33],[56.396,0.504],[62.137,-2.618],[38.773,-62.439],[31.622,-65.762],[24.472,-62.439],[1.309,-2.618]],"c":true},"ix":2},"nm":"A","mn":"ADBE Vector Shape - Group","hd":false},{"ind":1,"ty":"sh","ix":2,"ks":{"a":0,"k":{"i":[[0,0],[0,0],[0,0]],"o":[[0,0],[0,0],[0,0]],"v":[[20.947,-27.493],[31.421,-55.087],[41.895,-27.493]],"c":true},"ix":2},"nm":"A","mn":"ADBE Vector Shape - Group","hd":false}],"nm":"A","np":5,"cix":2,"ix":1,"mn":"ADBE Vector Group","hd":false}]},"fFamily":"Omnes"},{"ch":"R","size":71,"style":"Medium","w":58.9,"data":{"shapes":[{"ty":"gr","it":[{"ind":0,"ty":"sh","ix":1,"ks":{"a":0,"k":{"i":[[-2.82,0],[0,0],[0,2.82],[0,0],[0,0],[0,0],[-2.719,0],[0.504,0.604],[0,0],[-1.309,0.302],[0,9.769],[15.912,0],[0,0],[0,-3.525],[0,0]],"o":[[0,0],[3.021,0],[0,0],[0,0],[0,0],[2.216,2.921],[4.33,0],[0,0],[1.41,-0.101],[9.97,-2.115],[0,-12.891],[0,0],[-3.323,0],[0,0],[0,3.424]],"v":[[11.279,0.403],[12.689,0.403],[17.221,-4.33],[17.221,-25.479],[24.371,-25.479],[42.197,-3.625],[48.944,0.403],[54.987,-3.827],[35.953,-26.486],[40.082,-27.09],[55.389,-45.621],[31.018,-65.158],[12.488,-65.158],[6.949,-59.317],[6.949,-4.935]],"c":true},"ix":2},"nm":"R","mn":"ADBE Vector Shape - Group","hd":false},{"ind":1,"ty":"sh","ix":2,"ks":{"a":0,"k":{"i":[[0,0],[0,0],[0,0],[0,-7.553],[9.567,0]],"o":[[0,0],[0,0],[9.567,0],[0,7.05],[0,0]],"v":[[17.12,-33.636],[17.12,-56.598],[30.515,-56.598],[44.916,-45.117],[30.817,-33.636]],"c":true},"ix":2},"nm":"R","mn":"ADBE Vector Shape - Group","hd":false}],"nm":"R","np":5,"cix":2,"ix":1,"mn":"ADBE Vector Group","hd":false}]},"fFamily":"Omnes"}]}